"visit_date","utm_source","utm_medium","utm_campaign","visitors_count","total_cost","leads_count","purchases_count","revenue"
2023-06-01 00:00:00.000,yandex,cpc,prof-frontend,10368,5485248,10368,1620,154476720
2023-06-01 00:00:00.000,yandex,cpc,freemium,4680,2815020,4680,936,62161812
2023-06-01 00:00:00.000,yandex,cpc,prof-python,4920,2708132,4920,720,57284100
2023-06-01 00:00:00.000,yandex,cpc,prof-java,3416,1798890,3416,280,19935272
2023-06-01 00:00:00.000,yandex,cpc,base-python,814,463388,814,176,12054416
2023-06-01 00:00:00.000,yandex,cpc,base-frontend,1836,975294,1836,136,10953270
2023-06-01 00:00:00.000,yandex,cpc,base-java,806,500552,806,62,5208000
2023-06-01 00:00:00.000,yandex,cpc,prof-data-analytics,374,171462,374,44,4845808
2023-06-01 00:00:00.000,vk,cpc,freemium-frontend,504,398160,328,36,2208724
2023-06-01 00:00:00.000,yandex,cpc,prof-professions-brand,216,115632,216,36,2072763
2023-06-01 00:00:00.000,yandex,cpc,dod-frontend,90,28710,90,27,1827315
2023-06-01 00:00:00.000,yandex,cpc,dod-php,66,35784,66,11,1652805
2023-06-01 00:00:00.000,vk,cpc,prof-java,328,255430,200,12,1535672
2023-06-01 00:00:00.000,vk,cpc,prof-python,194,196716,132,14,1176008
2023-06-01 00:00:00.000,vk,cpc,prof-data-analytics,304,81472,224,20,1013776
2023-06-01 00:00:00.000,vk,cpc,freemium-python,132,64680,90,6,498372
2023-06-01 00:00:00.000,vk,cpc,base-python,415,210571,300,10,160360
2023-06-01 00:00:00.000,yandex,cpc,base-professions-retarget,4,604,4,1,134100
2023-06-01 00:00:00.000,yandex,cpc,prof-professions-retarget,30,25710,30,2,5850
2023-06-01 00:00:00.000,vk,cpc,freemium-java,144,35064,106,0,
2023-06-01 00:00:00.000,yandex,cpc,dod-java,30,17436,30,0,
2023-06-01 00:00:00.000,vk,cpm,prof-data-analytics,11,4235,7,0,
2023-06-02 00:00:00.000,vk,cpc,freemium-java,1476,415904,0,0,
2023-06-02 00:00:00.000,vk,cpc,prof-data-analytics,1246,722680,0,0,
2023-06-02 00:00:00.000,vk,cpc,base-python,1206,339824,0,0,
2023-06-02 00:00:00.000,vk,cpc,freemium-python,882,255633,0,0,
2023-06-02 00:00:00.000,vk,cpc,freemium-frontend,844,535518,0,0,
2023-06-02 00:00:00.000,vk,cpc,prof-java,654,606694,0,0,
2023-06-02 00:00:00.000,vk,cpc,prof-python,484,491744,0,0,
2023-06-03 00:00:00.000,vk,cpc,freemium-java,2100,398400,0,0,
2023-06-03 00:00:00.000,vk,cpc,prof-data-analytics,1032,683528,0,0,
2023-06-03 00:00:00.000,vk,cpc,base-python,909,302697,0,0,
2023-06-03 00:00:00.000,vk,cpc,freemium-frontend,860,545885,0,0,
2023-06-03 00:00:00.000,vk,cpc,freemium-python,610,169580,0,0,
2023-06-03 00:00:00.000,vk,cpc,prof-java,597,552026,0,0,
2023-06-03 00:00:00.000,vk,cpc,prof-python,408,412692,0,0,
2023-06-04 00:00:00.000,vk,cpc,freemium-java,1350,234900,0,0,
2023-06-04 00:00:00.000,vk,cpc,base-python,1015,367865,0,0,
2023-06-04 00:00:00.000,vk,cpc,freemium-frontend,912,578664,0,0,
2023-06-04 00:00:00.000,vk,cpc,prof-data-analytics,798,497420,0,0,
2023-06-04 00:00:00.000,vk,cpc,prof-java,567,307503,0,0,
2023-06-04 00:00:00.000,vk,cpc,prof-python,430,436880,0,0,
2023-06-04 00:00:00.000,vk,cpc,freemium-python,393,170955,0,0,
2023-06-04 00:00:00.000,vk,cpm,prof-data-analytics,24,16824,0,0,
2023-06-05 00:00:00.000,vk,cpc,freemium-python,980,156520,0,0,
2023-06-05 00:00:00.000,vk,cpc,freemium-frontend,784,497448,0,0,
2023-06-05 00:00:00.000,vk,cpc,prof-python,740,939245,0,0,
2023-06-05 00:00:00.000,vk,cpc,prof-data-analytics,616,469392,0,0,
2023-06-05 00:00:00.000,vk,cpc,prof-java,576,388224,0,0,
2023-06-05 00:00:00.000,vk,cpc,base-python,496,245520,0,0,
2023-06-05 00:00:00.000,vk,cpc,freemium-java,278,55183,0,0,
2023-06-05 00:00:00.000,vk,cpm,prof-data-analytics,24,18264,0,0,
2023-06-06 00:00:00.000,vk,cpc,freemium-frontend,1790,599292,0,0,
2023-06-06 00:00:00.000,vk,cpc,freemium-java,1260,268240,0,0,
2023-06-06 00:00:00.000,vk,cpc,freemium-python,856,198378,0,0,
2023-06-06 00:00:00.000,vk,cpc,prof-python,752,954664,0,0,
2023-06-06 00:00:00.000,vk,cpc,prof-data-analytics,540,410940,0,0,
2023-06-06 00:00:00.000,vk,cpc,base-python,363,399421,0,0,
2023-06-06 00:00:00.000,vk,cpc,prof-java,159,180783,0,0,
2023-06-06 00:00:00.000,vk,cpm,prof-data-analytics,14,10626,0,0,
2023-06-07 00:00:00.000,vk,cpc,freemium-frontend,1730,438555,0,0,
2023-06-07 00:00:00.000,vk,cpc,freemium-java,1695,286116,0,0,
2023-06-07 00:00:00.000,vk,cpc,freemium-python,1344,326592,0,0,
2023-06-07 00:00:00.000,vk,cpc,prof-python,772,980247,0,0,
2023-06-07 00:00:00.000,vk,cpc,prof-data-analytics,440,335280,0,0,
2023-06-07 00:00:00.000,vk,cpc,base-python,214,269212,0,0,
2023-06-07 00:00:00.000,vk,cpc,prof-java,166,186916,0,0,
2023-06-07 00:00:00.000,vk,cpm,prof-data-analytics,13,9906,0,0,
2023-06-08 00:00:00.000,vk,cpc,freemium-java,2480,313844,0,0,
2023-06-08 00:00:00.000,vk,cpc,freemium-frontend,2167,507275,0,0,
2023-06-08 00:00:00.000,vk,cpc,freemium-python,2034,286116,0,0,
2023-06-08 00:00:00.000,vk,cpc,prof-python,1552,984744,0,0,
2023-06-08 00:00:00.000,vk,cpc,prof-frontend,585,69264,0,0,
2023-06-08 00:00:00.000,vk,cpc,prof-data-analytics,540,406755,0,0,
2023-06-08 00:00:00.000,vk,cpc,prof-java,516,274168,0,0,
2023-06-08 00:00:00.000,vk,cpc,base-python,333,111999,0,0,
2023-06-08 00:00:00.000,vk,cpm,prof-data-analytics,17,12954,0,0,
2023-06-08 00:00:00.000,vk,cpm,prof-frontend,6,0,0,0,
2023-06-09 00:00:00.000,vk,cpc,freemium-frontend,1830,463722,0,0,
2023-06-09 00:00:00.000,vk,cpc,freemium-python,1830,309026,0,0,
2023-06-09 00:00:00.000,vk,cpc,prof-data-analytics,1804,738328,0,0,
2023-06-09 00:00:00.000,vk,cpc,freemium-java,1635,276097,0,0,
2023-06-09 00:00:00.000,vk,cpc,prof-java,1127,742210,0,0,
2023-06-09 00:00:00.000,vk,cpc,prof-python,1110,939245,0,0,
2023-06-09 00:00:00.000,vk,cpc,prof-frontend,798,578778,7,0,
2023-06-09 00:00:00.000,vk,cpm,prof-data-analytics,11,704,0,0,
2023-06-10 00:00:00.000,vk,cpc,freemium-frontend,1560,395616,0,0,
2023-06-10 00:00:00.000,vk,cpc,freemium-python,1430,362648,0,0,
2023-06-10 00:00:00.000,vk,cpc,prof-data-analytics,1320,557040,0,0,
2023-06-10 00:00:00.000,vk,cpc,prof-python,1162,906028,0,0,
2023-06-10 00:00:00.000,vk,cpc,freemium-java,972,273996,0,0,
2023-06-10 00:00:00.000,vk,cpc,prof-java,900,561450,0,0,
2023-06-10 00:00:00.000,vk,cpc,prof-frontend,686,534884,0,0,
2023-06-11 00:00:00.000,vk,cpc,freemium-frontend,2782,542062,0,0,
2023-06-11 00:00:00.000,vk,cpc,freemium-java,1270,370332,0,0,
2023-06-11 00:00:00.000,vk,cpc,freemium-python,1130,286568,0,0,
2023-06-11 00:00:00.000,vk,cpc,prof-python,1122,949212,0,0,
2023-06-11 00:00:00.000,vk,cpc,prof-data-analytics,1015,662505,0,0,
2023-06-11 00:00:00.000,vk,cpc,prof-java,882,555807,0,0,
2023-06-11 00:00:00.000,vk,cpc,prof-frontend,762,693166,0,0,
2023-06-12 00:00:00.000,vk,cpc,freemium-java,1729,641326,0,0,
2023-06-12 00:00:00.000,vk,cpc,freemium-frontend,1295,586450,0,0,
2023-06-12 00:00:00.000,vk,cpc,prof-python,1206,1045602,0,0,
2023-06-12 00:00:00.000,vk,cpc,freemium-python,1089,306856,0,0,
2023-06-12 00:00:00.000,vk,cpc,prof-java,1026,701955,0,0,
2023-06-12 00:00:00.000,vk,cpc,prof-data-analytics,990,690855,0,0,
2023-06-12 00:00:00.000,vk,cpc,prof-frontend,585,594126,0,0,
2023-06-13 00:00:00.000,yandex,cpc,prof-frontend,12285,6581925,0,0,
2023-06-13 00:00:00.000,yandex,cpc,prof-python,7904,4497064,0,0,
2023-06-13 00:00:00.000,yandex,cpc,prof-java,5312,3031160,0,0,
2023-06-13 00:00:00.000,yandex,cpc,freemium,4278,2556174,0,0,
2023-06-13 00:00:00.000,yandex,cpc,base-frontend,580,296728,0,0,
2023-06-13 00:00:00.000,vk,cpc,freemium-java,513,135489,0,0,
2023-06-13 00:00:00.000,vk,cpc,prof-python,420,364140,0,0,
2023-06-13 00:00:00.000,vk,cpc,freemium-frontend,384,175744,6,0,
2023-06-13 00:00:00.000,vk,cpc,prof-data-analytics,312,217776,0,0,
2023-06-13 00:00:00.000,vk,cpc,freemium-python,285,144666,0,0,
2023-06-13 00:00:00.000,vk,cpc,prof-java,282,204450,6,0,
2023-06-13 00:00:00.000,yandex,cpc,prof-professions-brand,231,117942,0,0,
2023-06-13 00:00:00.000,vk,cpc,prof-frontend,222,201983,0,0,
2023-06-13 00:00:00.000,yandex,cpc,prof-data-analytics,136,102561,0,0,
2023-06-13 00:00:00.000,yandex,cpc,dod-professions,72,46860,0,0,
2023-06-13 00:00:00.000,yandex,cpc,dod-frontend,60,41230,0,0,
2023-06-13 00:00:00.000,yandex,cpc,prof-professions-retarget,36,10872,0,0,
2023-06-13 00:00:00.000,yandex,cpc,base-professions-retarget,5,4040,0,0,
2023-06-14 00:00:00.000,yandex,cpc,prof-frontend,20130,11652960,0,0,
2023-06-14 00:00:00.000,yandex,cpc,prof-python,11900,7100220,0,0,
2023-06-14 00:00:00.000,yandex,cpc,prof-java,10432,6055613,0,0,
2023-06-14 00:00:00.000,yandex,cpc,freemium,6880,4031680,0,0,
2023-06-14 00:00:00.000,yandex,cpc,prof-professions-brand,392,175420,0,0,
2023-06-14 00:00:00.000,yandex,cpc,prof-data-analytics,384,283328,0,0,
2023-06-14 00:00:00.000,vk,cpc,prof-python,84,35518,0,0,
2023-06-14 00:00:00.000,vk,cpc,prof-data-analytics,78,54457,0,0,
2023-06-14 00:00:00.000,vk,cpc,freemium-frontend,55,27269,0,0,
2023-06-14 00:00:00.000,yandex,cpc,prof-professions-retarget,54,18738,0,0,
2023-06-14 00:00:00.000,yandex,cpc,dod-frontend,45,14760,0,0,
2023-06-14 00:00:00.000,vk,cpc,freemium-python,36,26055,0,0,
2023-06-14 00:00:00.000,vk,cpc,prof-frontend,30,30462,0,0,
2023-06-14 00:00:00.000,vk,cpc,prof-java,30,24672,0,0,
2023-06-14 00:00:00.000,yandex,cpc,dod-professions,24,17652,0,0,
2023-06-14 00:00:00.000,yandex,cpc,dod-python-java,14,6363,0,0,
2023-06-14 00:00:00.000,yandex,cpc,base-professions-retarget,8,5776,0,0,
2023-06-15 00:00:00.000,yandex,cpc,prof-frontend,20336,11344044,0,0,
2023-06-15 00:00:00.000,yandex,cpc,prof-python,11076,6549192,0,0,
2023-06-15 00:00:00.000,yandex,cpc,prof-java,9230,4537260,0,0,
2023-06-15 00:00:00.000,yandex,cpc,freemium,6426,3645446,0,0,
2023-06-15 00:00:00.000,yandex,cpc,prof-professions-brand,490,270039,0,0,
2023-06-15 00:00:00.000,yandex,cpc,prof-data-analytics,280,183568,0,0,
2023-06-15 00:00:00.000,vk,cpc,prof-data-analytics,168,54768,0,0,
2023-06-15 00:00:00.000,yandex,cpc,dod-professions,102,66725,0,0,
2023-06-15 00:00:00.000,yandex,cpc,dod-python-java,90,45540,0,0,
2023-06-15 00:00:00.000,vk,cpc,freemium-frontend,88,20272,0,0,
2023-06-15 00:00:00.000,vk,cpc,freemium-python,70,25360,0,0,
2023-06-15 00:00:00.000,vk,cpc,prof-python,60,29185,0,0,
2023-06-15 00:00:00.000,yandex,cpc,prof-professions-retarget,54,34830,0,0,
2023-06-15 00:00:00.000,vk,cpc,prof-frontend,35,32816,5,0,
2023-06-15 00:00:00.000,vk,cpc,freemium-java,30,15228,0,0,
2023-06-15 00:00:00.000,vk,cpc,prof-java,30,25584,0,0,
2023-06-15 00:00:00.000,yandex,cpc,dod-frontend,20,18160,0,0,
2023-06-16 00:00:00.000,yandex,cpc,prof-frontend,15481,8074095,0,0,
2023-06-16 00:00:00.000,yandex,cpc,prof-python,11760,6588120,0,0,
2023-06-16 00:00:00.000,yandex,cpc,freemium,7456,4173729,0,0,
2023-06-16 00:00:00.000,yandex,cpc,prof-java,7280,4083408,0,0,
2023-06-16 00:00:00.000,yandex,cpc,prof-data-analytics,390,217464,0,0,
2023-06-16 00:00:00.000,yandex,cpc,prof-professions-brand,384,278112,0,0,
2023-06-16 00:00:00.000,vk,cpc,prof-data-analytics,255,68910,0,0,
2023-06-16 00:00:00.000,vk,cpc,prof-python,140,81732,10,0,
2023-06-16 00:00:00.000,yandex,cpc,dod-professions,90,46155,0,0,
2023-06-16 00:00:00.000,vk,cpc,freemium-frontend,70,17745,0,0,
2023-06-16 00:00:00.000,yandex,cpc,prof-professions-retarget,70,37975,0,0,
2023-06-16 00:00:00.000,vk,cpc,prof-java,45,39843,5,0,
2023-06-16 00:00:00.000,vk,cpc,freemium-python,36,15222,0,0,
2023-06-16 00:00:00.000,yandex,cpc,dod-python-java,35,16295,0,0,
2023-06-16 00:00:00.000,vk,cpc,freemium-java,28,16786,0,0,
2023-06-16 00:00:00.000,vk,cpc,prof-frontend,27,49122,3,0,
2023-06-17 00:00:00.000,yandex,cpc,prof-frontend,13464,7902972,0,0,
2023-06-17 00:00:00.000,yandex,cpc,prof-python,12354,7854186,0,0,
2023-06-17 00:00:00.000,yandex,cpc,prof-java,6943,3603810,0,0,
2023-06-17 00:00:00.000,yandex,cpc,freemium,5800,2882600,0,0,
2023-06-17 00:00:00.000,yandex,cpc,prof-data-analytics,510,260542,0,0,
2023-06-17 00:00:00.000,yandex,cpc,prof-professions-brand,464,224924,0,0,
2023-06-17 00:00:00.000,yandex,cpc,dod-professions,200,119250,0,0,
2023-06-17 00:00:00.000,vk,cpc,prof-data-analytics,119,37289,0,0,
2023-06-17 00:00:00.000,vk,cpc,prof-python,108,66258,0,0,
2023-06-17 00:00:00.000,vk,cpc,freemium-frontend,70,17752,0,0,
2023-06-17 00:00:00.000,yandex,cpc,prof-professions-retarget,44,24266,0,0,
2023-06-17 00:00:00.000,vk,cpc,prof-java,42,24744,0,0,
2023-06-17 00:00:00.000,vk,cpc,freemium-python,36,15222,0,0,
2023-06-17 00:00:00.000,yandex,cpc,dod-python-java,36,19242,0,0,
2023-06-17 00:00:00.000,vk,cpc,prof-frontend,16,39792,0,0,
2023-06-17 00:00:00.000,vk,cpc,freemium-java,10,7610,0,0,
2023-06-18 00:00:00.000,yandex,cpc,prof-frontend,14155,7570094,0,0,
2023-06-18 00:00:00.000,yandex,cpc,prof-python,11736,6394979,0,0,
2023-06-18 00:00:00.000,yandex,cpc,freemium,6789,3678762,0,0,
2023-06-18 00:00:00.000,yandex,cpc,prof-java,5661,3175155,0,0,
2023-06-18 00:00:00.000,yandex,cpc,prof-data-analytics,351,174042,0,0,
2023-06-18 00:00:00.000,yandex,cpc,prof-professions-brand,306,168300,0,0,
2023-06-18 00:00:00.000,yandex,cpc,dod-professions,168,104132,0,0,
2023-06-18 00:00:00.000,vk,cpc,prof-data-analytics,110,35790,0,0,
2023-06-18 00:00:00.000,vk,cpc,freemium-frontend,81,22815,0,0,
2023-06-18 00:00:00.000,vk,cpc,prof-python,54,27546,0,0,
2023-06-18 00:00:00.000,yandex,cpc,prof-professions-retarget,50,37275,0,0,
2023-06-18 00:00:00.000,vk,cpc,prof-java,48,37304,0,0,
2023-06-18 00:00:00.000,yandex,cpc,dod-python-java,48,26992,0,0,
2023-06-18 00:00:00.000,vk,cpc,freemium-python,42,17752,0,0,
2023-06-18 00:00:00.000,vk,cpc,prof-frontend,4,5824,0,0,
2023-06-18 00:00:00.000,vk,cpc,freemium-java,2,1524,0,0,
2023-06-19 00:00:00.000,yandex,cpc,prof-frontend,17415,9850410,0,0,
2023-06-19 00:00:00.000,yandex,cpc,prof-python,15170,8508150,0,0,
2023-06-19 00:00:00.000,yandex,cpc,prof-java,9295,5024448,0,0,
2023-06-19 00:00:00.000,yandex,cpc,freemium,7648,4113668,0,0,
2023-06-19 00:00:00.000,yandex,cpc,prof-data-analytics,385,211680,0,0,
2023-06-19 00:00:00.000,yandex,cpc,prof-professions-brand,315,139995,0,0,
2023-06-19 00:00:00.000,vk,cpc,prof-data-analytics,160,53260,0,0,
2023-06-19 00:00:00.000,vk,cpc,prof-python,105,74010,0,0,
2023-06-19 00:00:00.000,vk,cpc,prof-java,55,60159,0,0,
2023-06-19 00:00:00.000,yandex,cpc,dod-professions,54,22098,0,0,
2023-06-19 00:00:00.000,vk,cpc,freemium-frontend,42,17752,6,0,
2023-06-19 00:00:00.000,vk,cpc,prof-frontend,36,60936,0,0,
2023-06-19 00:00:00.000,yandex,cpc,prof-professions-retarget,36,19026,0,0,
2023-06-19 00:00:00.000,vk,cpc,freemium-python,32,19832,0,0,
2023-06-19 00:00:00.000,yandex,cpc,dod-python-java,32,16096,0,0,
2023-06-19 00:00:00.000,vk,cpc,freemium-java,20,9692,0,0,
2023-06-20 00:00:00.000,yandex,cpc,prof-frontend,17908,10145252,0,0,
2023-06-20 00:00:00.000,yandex,cpc,prof-python,14536,8474120,0,0,
2023-06-20 00:00:00.000,yandex,cpc,freemium,7986,3907090,0,0,
2023-06-20 00:00:00.000,yandex,cpc,prof-java,6188,3339497,0,0,
2023-06-20 00:00:00.000,yandex,cpc,base-java,530,201665,0,0,
2023-06-20 00:00:00.000,yandex,cpc,prof-data-analytics,380,258210,0,0,
2023-06-20 00:00:00.000,yandex,cpc,prof-professions-brand,329,153361,0,0,
2023-06-20 00:00:00.000,yandex,cpc,dod-professions,170,109174,0,0,
2023-06-20 00:00:00.000,vk,cpc,prof-data-analytics,140,34587,0,0,
2023-06-20 00:00:00.000,vk,cpc,prof-python,90,87585,0,0,
2023-06-20 00:00:00.000,vk,cpc,freemium-frontend,75,42765,5,0,
2023-06-20 00:00:00.000,yandex,cpc,dod-python-java,60,32690,0,0,
2023-06-20 00:00:00.000,yandex,cpc,prof-professions-retarget,54,21168,0,0,
2023-06-20 00:00:00.000,vk,cpc,freemium-java,36,22842,0,0,
2023-06-20 00:00:00.000,vk,cpc,prof-java,32,41640,0,0,
2023-06-20 00:00:00.000,vk,cpc,freemium-python,15,10635,0,0,
2023-06-20 00:00:00.000,vk,cpc,prof-frontend,12,20312,0,0,
2023-06-21 00:00:00.000,yandex,cpc,prof-frontend,16380,9023560,0,0,
2023-06-21 00:00:00.000,yandex,cpc,prof-python,13330,7260200,0,0,
2023-06-21 00:00:00.000,yandex,cpc,freemium,7200,4268925,0,0,
2023-06-21 00:00:00.000,yandex,cpc,prof-java,7182,3672144,0,0,
2023-06-21 00:00:00.000,yandex,cpc,base-java,590,304263,0,0,
2023-06-21 00:00:00.000,yandex,cpc,base-python,352,208604,0,0,
2023-06-21 00:00:00.000,yandex,cpc,prof-professions-brand,336,181440,0,0,
2023-06-21 00:00:00.000,yandex,cpc,prof-data-analytics,256,125440,0,0,
2023-06-21 00:00:00.000,vk,cpc,prof-data-analytics,240,91350,0,0,
2023-06-21 00:00:00.000,vk,cpc,prof-python,114,111910,0,0,
2023-06-21 00:00:00.000,yandex,cpc,dod-python-java,60,24072,0,0,
2023-06-21 00:00:00.000,yandex,cpc,prof-professions-retarget,50,21850,0,0,
2023-06-21 00:00:00.000,vk,cpc,freemium-frontend,36,22833,0,0,
2023-06-21 00:00:00.000,vk,cpc,prof-java,36,47313,0,0,
2023-06-21 00:00:00.000,vk,cpc,prof-frontend,30,50790,0,0,
2023-06-21 00:00:00.000,vk,cpc,freemium-java,24,15222,0,0,
2023-06-21 00:00:00.000,vk,cpc,freemium-python,21,15351,0,0,
2023-06-22 00:00:00.000,yandex,cpc,prof-frontend,21350,12245800,0,0,
2023-06-22 00:00:00.000,yandex,cpc,prof-python,13529,8244377,0,0,
2023-06-22 00:00:00.000,yandex,cpc,prof-java,8901,4628649,0,0,
2023-06-22 00:00:00.000,yandex,cpc,freemium,8283,3684680,0,0,
2023-06-22 00:00:00.000,yandex,cpc,base-java,924,540210,0,0,
2023-06-22 00:00:00.000,yandex,cpc,base-python,650,259090,0,0,
2023-06-22 00:00:00.000,yandex,cpc,prof-professions-brand,328,170601,0,0,
2023-06-22 00:00:00.000,yandex,cpc,prof-data-analytics,145,42398,0,0,
2023-06-22 00:00:00.000,vk,cpc,prof-data-analytics,132,65604,0,0,
2023-06-22 00:00:00.000,vk,cpc,prof-java,130,54899,0,0,
2023-06-22 00:00:00.000,vk,cpc,prof-python,114,104975,0,0,
2023-06-22 00:00:00.000,yandex,cpc,dod-python-java,80,49880,0,0,
2023-06-22 00:00:00.000,vk,cpc,freemium-frontend,44,28853,0,0,
2023-06-22 00:00:00.000,yandex,cpc,prof-professions-retarget,38,20387,0,0,
2023-06-22 00:00:00.000,vk,cpc,prof-frontend,21,25788,0,0,
2023-06-22 00:00:00.000,vk,cpc,freemium-python,18,11232,0,0,
2023-06-22 00:00:00.000,vk,cpc,freemium-java,16,8576,0,0,
2023-06-23 00:00:00.000,yandex,cpc,prof-frontend,18928,10258976,0,0,
2023-06-23 00:00:00.000,yandex,cpc,prof-python,15318,8620101,0,0,
2023-06-23 00:00:00.000,yandex,cpc,freemium,8415,4649925,0,0,
2023-06-23 00:00:00.000,yandex,cpc,prof-java,8308,4615496,0,0,
2023-06-23 00:00:00.000,yandex,cpc,base-java,1349,769853,0,0,
2023-06-23 00:00:00.000,yandex,cpc,base-python,1056,546216,0,0,
2023-06-23 00:00:00.000,yandex,cpc,prof-data-analytics,688,351095,0,0,
2023-06-23 00:00:00.000,yandex,cpc,prof-professions-brand,343,197421,0,0,
2023-06-23 00:00:00.000,vk,cpc,prof-data-analytics,112,79232,0,0,
2023-06-23 00:00:00.000,vk,cpc,prof-python,85,70533,0,0,
2023-06-23 00:00:00.000,yandex,cpc,prof-professions-retarget,68,43316,0,0,
2023-06-23 00:00:00.000,vk,cpc,prof-java,63,44422,0,0,
2023-06-23 00:00:00.000,vk,cpc,freemium-frontend,33,27929,0,0,
2023-06-23 00:00:00.000,vk,cpc,freemium-java,28,17773,0,0,
2023-06-23 00:00:00.000,vk,cpc,base-python,25,11420,0,0,
2023-06-23 00:00:00.000,vk,cpc,prof-frontend,24,45684,0,0,
2023-06-23 00:00:00.000,vk,cpc,freemium-python,15,10170,0,0,
2023-06-23 00:00:00.000,yandex,cpc,dod-python-java,9,6084,0,0,
2023-06-24 00:00:00.000,yandex,cpc,prof-frontend,16512,9038256,0,0,
2023-06-24 00:00:00.000,yandex,cpc,prof-python,9348,5732456,0,0,
2023-06-24 00:00:00.000,yandex,cpc,freemium,7627,3768790,0,0,
2023-06-24 00:00:00.000,yandex,cpc,prof-java,6450,3790149,0,0,
2023-06-24 00:00:00.000,yandex,cpc,base-python,760,485280,0,0,
2023-06-24 00:00:00.000,yandex,cpc,base-java,754,478964,0,0,
2023-06-24 00:00:00.000,yandex,cpc,prof-data-analytics,261,149785,0,0,
2023-06-24 00:00:00.000,yandex,cpc,prof-professions-brand,175,108255,0,0,
2023-06-24 00:00:00.000,vk,cpc,prof-java,117,82511,0,0,
2023-06-24 00:00:00.000,vk,cpc,prof-data-analytics,84,60508,0,0,
2023-06-24 00:00:00.000,vk,cpc,prof-frontend,81,45684,0,0,
2023-06-24 00:00:00.000,vk,cpc,prof-python,72,103284,0,0,
2023-06-24 00:00:00.000,yandex,cpc,prof-professions-retarget,54,27459,0,0,
2023-06-24 00:00:00.000,vk,cpc,base-python,28,15988,0,0,
2023-06-24 00:00:00.000,vk,cpc,freemium-python,21,15911,3,0,
2023-06-24 00:00:00.000,vk,cpc,freemium-frontend,18,15234,0,0,
2023-06-24 00:00:00.000,vk,cpc,freemium-java,9,5169,0,0,
2023-06-25 00:00:00.000,yandex,cpc,prof-frontend,15288,8417808,0,0,
2023-06-25 00:00:00.000,yandex,cpc,prof-python,11932,6510476,0,0,
2023-06-25 00:00:00.000,yandex,cpc,prof-java,9983,5577219,0,0,
2023-06-25 00:00:00.000,yandex,cpc,freemium,5486,2998943,0,0,
2023-06-25 00:00:00.000,yandex,cpc,base-java,1452,791934,0,0,
2023-06-25 00:00:00.000,yandex,cpc,base-python,854,488366,0,0,
2023-06-25 00:00:00.000,yandex,cpc,prof-professions-brand,368,237452,0,0,
2023-06-25 00:00:00.000,yandex,cpc,prof-data-analytics,207,107962,0,0,
2023-06-25 00:00:00.000,vk,cpc,prof-java,176,201036,0,0,
2023-06-25 00:00:00.000,vk,cpc,prof-python,104,157092,0,0,
2023-06-25 00:00:00.000,vk,cpc,prof-data-analytics,75,57105,0,0,
2023-06-25 00:00:00.000,yandex,cpc,prof-professions-retarget,58,26651,0,0,
2023-06-25 00:00:00.000,vk,cpc,prof-frontend,45,30455,0,0,
2023-06-25 00:00:00.000,vk,cpc,freemium-frontend,39,32994,0,0,
2023-06-25 00:00:00.000,vk,cpc,base-python,30,35220,0,0,
2023-06-25 00:00:00.000,vk,cpc,freemium-python,24,16680,0,0,
2023-06-25 00:00:00.000,vk,cpc,freemium-java,4,3046,0,0,
2023-06-26 00:00:00.000,yandex,cpc,prof-frontend,18758,9814418,0,0,
2023-06-26 00:00:00.000,yandex,cpc,prof-python,14773,7769289,0,0,
2023-06-26 00:00:00.000,yandex,cpc,prof-java,7381,4286909,0,0,
2023-06-26 00:00:00.000,yandex,cpc,freemium,7028,4183668,0,0,
2023-06-26 00:00:00.000,yandex,cpc,base-java,1040,557856,0,0,
2023-06-26 00:00:00.000,yandex,cpc,base-python,741,452580,0,0,
2023-06-26 00:00:00.000,yandex,cpc,prof-data-analytics,324,169164,0,0,
2023-06-26 00:00:00.000,yandex,cpc,prof-professions-brand,320,171440,0,0,
2023-06-26 00:00:00.000,vk,cpc,prof-java,133,151848,0,0,
2023-06-26 00:00:00.000,vk,cpc,prof-python,120,139272,0,0,
2023-06-26 00:00:00.000,vk,cpc,freemium-frontend,54,45684,0,0,
2023-06-26 00:00:00.000,yandex,cpc,prof-professions-retarget,36,25758,0,0,
2023-06-26 00:00:00.000,vk,cpc,freemium-python,24,15736,0,0,
2023-06-26 00:00:00.000,vk,cpc,prof-data-analytics,24,5604,0,0,
2023-06-26 00:00:00.000,vk,cpc,prof-frontend,24,17276,0,0,
2023-06-26 00:00:00.000,vk,cpc,base-python,9,5658,0,0,
2023-06-26 00:00:00.000,vk,cpc,freemium-java,2,1516,0,0,
2023-06-27 00:00:00.000,yandex,cpc,prof-frontend,17854,9632154,0,0,
2023-06-27 00:00:00.000,yandex,cpc,prof-python,13300,6989325,0,0,
2023-06-27 00:00:00.000,yandex,cpc,prof-java,7040,3614080,0,0,
2023-06-27 00:00:00.000,yandex,cpc,freemium,6902,3259172,0,0,
2023-06-27 00:00:00.000,yandex,cpc,base-python,1044,595718,0,0,
2023-06-27 00:00:00.000,yandex,cpc,base-java,754,323872,0,0,
2023-06-27 00:00:00.000,yandex,cpc,prof-professions-brand,522,304906,0,0,
2023-06-27 00:00:00.000,yandex,cpc,prof-data-analytics,380,269496,0,0,
2023-06-27 00:00:00.000,vk,cpc,prof-frontend,78,39960,0,0,
2023-06-27 00:00:00.000,vk,cpc,prof-python,64,74816,0,0,
2023-06-27 00:00:00.000,yandex,cpc,prof-professions-retarget,64,21408,0,0,
2023-06-27 00:00:00.000,vk,cpc,base-python,63,21690,0,0,
2023-06-27 00:00:00.000,vk,cpc,prof-java,50,53940,0,0,
2023-06-27 00:00:00.000,vk,cpc,freemium-frontend,36,30456,0,0,
2023-06-27 00:00:00.000,vk,cpc,freemium-python,24,16120,0,0,
2023-06-27 00:00:00.000,vk,cpc,freemium-java,4,3046,0,0,
2023-06-27 00:00:00.000,vk,cpc,prof-data-analytics,2,762,0,0,
2023-06-28 00:00:00.000,yandex,cpc,prof-frontend,17097,9133412,0,0,
2023-06-28 00:00:00.000,yandex,cpc,prof-python,13206,8347866,0,0,
2023-06-28 00:00:00.000,yandex,cpc,freemium,6692,3798188,0,0,
2023-06-28 00:00:00.000,yandex,cpc,prof-java,5600,3253376,0,0,
2023-06-28 00:00:00.000,yandex,cpc,base-python,1080,575400,0,0,
2023-06-28 00:00:00.000,yandex,cpc,base-java,799,503323,0,0,
2023-06-28 00:00:00.000,yandex,cpc,prof-professions-brand,272,162894,0,0,
2023-06-28 00:00:00.000,yandex,cpc,prof-data-analytics,270,166833,0,0,
2023-06-28 00:00:00.000,vk,cpc,prof-frontend,66,39768,0,0,
2023-06-28 00:00:00.000,vk,cpc,base-python,54,24354,0,0,
2023-06-28 00:00:00.000,yandex,cpc,prof-professions-retarget,54,38205,0,0,
2023-06-28 00:00:00.000,vk,cpc,freemium-frontend,51,43146,0,0,
2023-06-28 00:00:00.000,vk,cpc,prof-python,48,69088,0,0,
2023-06-28 00:00:00.000,yandex,cpc,dod-qa,48,17912,0,0,
2023-06-28 00:00:00.000,vk,cpc,prof-java,36,51813,0,0,
2023-06-28 00:00:00.000,vk,cpc,freemium-python,24,15632,3,0,
2023-06-28 00:00:00.000,vk,cpc,freemium-java,10,7605,0,0,
2023-06-28 00:00:00.000,vk,cpc,prof-data-analytics,2,762,0,0,
2023-06-29 00:00:00.000,yandex,cpc,prof-frontend,17135,9759351,0,0,
2023-06-29 00:00:00.000,yandex,cpc,prof-python,15908,8917598,0,0,
2023-06-29 00:00:00.000,yandex,cpc,prof-java,7564,4290740,0,0,
2023-06-29 00:00:00.000,yandex,cpc,freemium,7491,3400687,0,0,
2023-06-29 00:00:00.000,yandex,cpc,base-python,1769,986614,0,0,
2023-06-29 00:00:00.000,yandex,cpc,base-java,882,568694,0,0,
2023-06-29 00:00:00.000,yandex,cpc,base-frontend,280,140105,0,0,
2023-06-29 00:00:00.000,yandex,cpc,prof-professions-brand,222,120694,0,0,
2023-06-29 00:00:00.000,yandex,cpc,dod-qa,70,36455,0,0,
2023-06-29 00:00:00.000,vk,cpc,prof-frontend,66,59862,6,0,
2023-06-29 00:00:00.000,vk,cpc,freemium-frontend,63,53298,0,0,
2023-06-29 00:00:00.000,yandex,cpc,prof-professions-retarget,50,22575,0,0,
2023-06-29 00:00:00.000,vk,cpc,prof-python,39,55939,0,0,
2023-06-29 00:00:00.000,vk,cpc,base-python,24,10044,0,0,
2023-06-29 00:00:00.000,vk,cpc,prof-java,24,45944,0,0,
2023-06-29 00:00:00.000,vk,cpc,freemium-python,18,12312,0,0,
2023-06-29 00:00:00.000,vk,cpc,freemium-java,6,4569,0,0,
2023-06-29 00:00:00.000,yandex,cpc,base-professions-retarget,2,756,0,0,
2023-06-30 00:00:00.000,yandex,cpc,prof-frontend,16665,8777175,0,0,
2023-06-30 00:00:00.000,yandex,cpc,prof-python,13067,6735412,0,0,
2023-06-30 00:00:00.000,yandex,cpc,prof-java,8000,4633500,0,0,
2023-06-30 00:00:00.000,yandex,cpc,freemium,6200,3572200,0,0,
2023-06-30 00:00:00.000,yandex,cpc,base-python,1309,860398,0,0,
2023-06-30 00:00:00.000,yandex,cpc,base-java,704,469632,0,0,
2023-06-30 00:00:00.000,yandex,cpc,base-frontend,555,304547,0,0,
2023-06-30 00:00:00.000,yandex,cpc,prof-professions-brand,301,121303,0,0,
2023-06-30 00:00:00.000,yandex,cpc,dod-qa,55,32550,0,0,
2023-06-30 00:00:00.000,vk,cpc,prof-java,42,105406,0,0,
2023-06-30 00:00:00.000,yandex,cpc,prof-professions-retarget,38,24605,0,0,
2023-06-30 00:00:00.000,vk,cpc,freemium-python,36,25212,3,0,
2023-06-30 00:00:00.000,vk,cpc,prof-python,28,34923,0,0,
2023-06-30 00:00:00.000,vk,cpc,freemium-frontend,24,20312,0,0,
2023-06-30 00:00:00.000,vk,cpc,prof-frontend,24,25836,4,0,
2023-06-30 00:00:00.000,vk,cpc,base-python,18,6852,0,0,
2023-06-30 00:00:00.000,vk,cpc,freemium-java,8,6096,0,0,
2023-06-30 00:00:00.000,yandex,cpc,base-professions-retarget,5,3040,0,0,
